{
  "info": {
    "name": "MemeStream API",
    "description": "Complete API collection for MemeStream app testing",
    "schema": "https://schema.getpostman.com/json/collection/v2.1.0/collection.json"
  },
  "variable": [
    {
      "key": "baseUrl",
      "value": "http://localhost:3000",
      "type": "string"
    },
    {
      "key": "memeId",
      "value": "",
      "type": "string"
    }
  ],
  "item": [
    {
      "name": "Health Check",
      "request": {
        "method": "GET",
        "header": [],
        "url": {
          "raw": "{{baseUrl}}/api/health",
          "host": ["{{baseUrl}}"],
          "path": ["api", "health"]
        }
      }
    },
    {
      "name": "Create Meme",
      "request": {
        "method": "POST",
        "header": [
          {
            "key": "Content-Type",
            "value": "application/json"
          }
        ],
        "body": {
          "mode": "raw",
          "raw": "{\\n  \\"title\\": \\"Awesome Developer Meme\\",\\n  \\"description\\": \\"When your code works on the first try\\",\\n  \\"imageUrl\\": \\"https://via.placeholder.com/500x400/009578/fff.png?text=Dev+Meme\\",\\n  \\"userId\\": \\"dev123\\",\\n  \\"username\\": \\"CodeMaster\\",\\n  \\"category\\": \\"programming\\",\\n  \\"tags\\": [\\"coding\\", \\"funny\\", \\"developer\\"]\\n}"
        },
        "url": {
          "raw": "{{baseUrl}}/api/memes",
          "host": ["{{baseUrl}}"],
          "path": ["api", "memes"]
        }
      }
    },
    {
      "name": "Get All Memes",
      "request": {
        "method": "GET",
        "header": [],
        "url": {
          "raw": "{{baseUrl}}/api/memes",
          "host": ["{{baseUrl}}"],
          "path": ["api", "memes"]
        }
      }
    },
    {
      "name": "Get Memes by User",
      "request": {
        "method": "GET",
        "header": [],
        "url": {
          "raw": "{{baseUrl}}/api/memes?userId=dev123",
          "host": ["{{baseUrl}}"],
          "path": ["api", "memes"],
          "query": [
            {
              "key": "userId",
              "value": "dev123"
            }
          ]
        }
      }
    },
    {
      "name": "Search Memes",
      "request": {
        "method": "GET",
        "header": [],
        "url": {
          "raw": "{{baseUrl}}/api/memes?search=funny&category=programming",
          "host": ["{{baseUrl}}"],
          "path": ["api", "memes"],
          "query": [
            {
              "key": "search",
              "value": "funny"
            },
            {
              "key": "category",
              "value": "programming"
            }
          ]
        }
      }
    },
    {
      "name": "Get Meme by ID",
      "request": {
        "method": "GET",
        "header": [],
        "url": {
          "raw": "{{baseUrl}}/api/memes/{{memeId}}",
          "host": ["{{baseUrl}}"],
          "path": ["api", "memes", "{{memeId}}"]
        }
      }
    },
    {
      "name": "Update Meme",
      "request": {
        "method": "PUT",
        "header": [
          {
            "key": "Content-Type",
            "value": "application/json"
          }
        ],
        "body": {
          "mode": "raw",
          "raw": "{\\n  \\"userId\\": \\"dev123\\",\\n  \\"title\\": \\"Updated Awesome Developer Meme\\",\\n  \\"description\\": \\"When your code works on the first try - Updated!\\",\\n  \\"tags\\": [\\"coding\\", \\"funny\\", \\"developer\\", \\"updated\\"]\\n}"
        },
        "url": {
          "raw": "{{baseUrl}}/api/memes/{{memeId}}",
          "host": ["{{baseUrl}}"],
          "path": ["api", "memes", "{{memeId}}"]
        }
      }
    },
    {
      "name": "Like Meme",
      "request": {
        "method": "POST",
        "header": [
          {
            "key": "Content-Type",
            "value": "application/json"
          }
        ],
        "body": {
          "mode": "raw",
          "raw": "{\\n  \\"userId\\": \\"testuser123\\"\\n}"
        },
        "url": {
          "raw": "{{baseUrl}}/api/memes/{{memeId}}/like",
          "host": ["{{baseUrl}}"],
          "path": ["api", "memes", "{{memeId}}", "like"]
        }
      }
    },
    {
      "name": "Get Popular Memes",
      "request": {
        "method": "GET",
        "header": [],
        "url": {
          "raw": "{{baseUrl}}/api/memes/special/popular?limit=10",
          "host": ["{{baseUrl}}"],
          "path": ["api", "memes", "special", "popular"],
          "query": [
            {
              "key": "limit",
              "value": "10"
            }
          ]
        }
      }
    },
    {
      "name": "Get Recent Memes",
      "request": {
        "method": "GET",
        "header": [],
        "url": {
          "raw": "{{baseUrl}}/api/memes/special/recent?limit=10",
          "host": ["{{baseUrl}}"],
          "path": ["api", "memes", "special", "recent"],
          "query": [
            {
              "key": "limit",
              "value": "10"
            }
          ]
        }
      }
    },
    {
      "name": "Delete Meme",
      "request": {
        "method": "DELETE",
        "header": [
          {
            "key": "Content-Type",
            "value": "application/json"
          }
        ],
        "body": {
          "mode": "raw",
          "raw": "{\\n  \\"userId\\": \\"dev123\\"\\n}"
        },
        "url": {
          "raw": "{{baseUrl}}/api/memes/{{memeId}}",
          "host": ["{{baseUrl}}"],
          "path": ["api", "memes", "{{memeId}}"]
        }
      }
    }
  ]
}
